model,auroc_clean_mean,auroc_masked_mean,auroc_drop_mean,auroc_pdi_percent_mean,auprc_clean_mean,auprc_masked_mean,auprc_drop_mean,auprc_pdi_percent_mean
explicit_region_scalar_mask_gate,0.9254067568269753,0.9171736082394961,0.0082331485874792,0.9164378087521533,0.7308811841871632,0.7090409836037328,0.02184020058343042,3.4133107167969348
occ_attention_bias,0.9232934171797328,0.9128389864028762,0.010454430776856566,1.1308359047828938,0.7245225274443374,0.7101619298293098,0.014360597615027698,1.9589872707235583
task_region_scalar_gated_late,0.9225173810688274,0.9111143467365327,0.01140303433229467,1.252688092267895,0.7245244706275299,0.7018166426196764,0.02270782800785351,3.60132319623968
task_region_gated_late,0.9205342285314617,0.9090662211648475,0.011468007366614269,1.2697112941117243,0.7159293352880899,0.6922955260069987,0.023633809281091156,3.709960812920799
explicit_region_mask_gate,0.9251787382624113,0.9128270876005056,0.012351650661905605,1.3319744385966557,0.7329043070091126,0.711160277172644,0.02174402983646867,3.041753164356429
no_occ_original,0.9202354818143929,0.9053698278859992,0.014865653928393674,1.5925274584536253,0.7192559815499853,0.7187808538720917,0.0004751276778936775,-0.08891017525410266
task_gated_late,0.9265347922900473,0.9117846436381063,0.01475014865194102,1.623534913543036,0.7388001969870367,0.7092839908957242,0.029516206091312447,4.497814445360573
occ_token_region_transformer,0.9169694004294944,0.8981473400811734,0.018822060348320985,2.045223450375067,0.7196968514237205,0.7015590971497744,0.018137754273946094,2.8601831200795536
