model,weighted_clean_f1_mean,weighted_masked_f1_mean,weighted_drop_f1_mean,weighted_pdi_percent_f1_mean,weighted_clean_acc_mean,weighted_masked_acc_mean,weighted_drop_acc_mean,weighted_pdi_rel_acc_mean,auroc_clean_mean,auroc_masked_mean,auroc_drop_mean,auroc_pdi_percent_mean,auprc_clean_mean,auprc_masked_mean,auprc_drop_mean,auprc_pdi_percent_mean,f1_robust_score,auroc_robust_score,final_robust_score
task_gated_late,0.7299125913298885,0.7096095036225277,0.0203030877073608,2.7805541956946107,0.8119045984739497,0.7999174219273488,0.0119871765466008,0.0147602215374292,0.9265347922900472,0.9117846436381064,0.014750148651941,1.623534913543036,0.7388001969870367,0.7092839908957242,0.0295162060913124,4.497814445360573,0.6898784267965039,0.8969815016123178,0.7520093492412481
task_region_scalar_gated_late,0.7319260126256605,0.6999291474211716,0.0319968652044888,4.371347654440749,0.8181324152840768,0.7921953871214952,0.0259370281625815,0.0317070281381935,0.9225173810688274,0.9111143467365328,0.0114030343322946,1.252688092267895,0.7245244706275299,0.7018166426196764,0.0227078280078535,3.60132319623968,0.6693328110526291,0.8997009258080199,0.7384432454792462
explicit_region_mask_gate,0.7209730075824164,0.6904998308570522,0.0304731767253642,4.2318668699160655,0.8056884398351245,0.7850059929990685,0.020682446836056,0.025719865504116,0.9251787382624111,0.9128270876005056,0.0123516506619056,1.3319744385966557,0.7329043070091126,0.711160277172644,0.0217440298364686,3.041753164356429,0.6612787972781862,0.9006684641250806,0.7330956973322544
occ_attention_bias,0.7153439760491278,0.6843196407626642,0.0310243352864636,4.322171802716467,0.8025610969423107,0.7815511114628495,0.021009985479461,0.026119544685024,0.9232934171797328,0.9128389864028762,0.0104544307768565,1.1308359047828938,0.7245225274443374,0.7101619298293098,0.0143605976150276,1.9589872707235585,0.6547421702091697,0.9025162753917763,0.7290744017639517
no_occ_original,0.7312366474030128,0.6930212961191748,0.0382153512838378,5.225871909808273,0.8154180078896829,0.7873904684821655,0.0280275394075174,0.0343830411573914,0.9202354818143929,0.9053698278859992,0.0148656539283936,1.5925274584536253,0.7192559815499853,0.7187808538720917,0.0004751276778936,-0.0889101752541026,0.6568048908762937,0.8909515647763603,0.7270488930463137
task_region_gated_late,0.7233726232357847,0.687401156142307,0.0359714670934775,4.971186089085446,0.8109317196996138,0.7832659262398565,0.0276657934597572,0.0341243906435399,0.9205342285314616,0.9090662211648476,0.0114680073666142,1.2697112941117243,0.7159293352880899,0.6922955260069987,0.0236338092810911,3.709960812920799,0.6532291654919481,0.8975237046837629,0.7265175272494925
concat_condition,0.7329385333986886,0.6966627276068026,0.0362758057918861,4.9320130486303135,0.8167281418891079,0.7849530413598791,0.0317751005292288,0.0388268893709697,,,,,,,,,0.6623032309762912,,
explicit_region_scalar_mask_gate,,,,,,,,,0.9254067568269752,0.917173608239496,0.0082331485874792,0.9164378087521532,0.7308811841871632,0.7090409836037328,0.0218402005834304,3.4133107167969348,,0.9087682825216928,
occ_token_region_transformer,,,,,,,,,0.9169694004294944,0.8981473400811734,0.0188220603483209,2.045223450375067,0.7196968514237205,0.7015590971497744,0.018137754273946,2.8601831200795536,,0.8797782200629133,
